working_distance_b_mm,mu_0,mu_2,mu_4,mu_6,mu_8,mu_10,mu_12
45.0,0.320068,0.316963,0.316280,0.316972,0.318267,0.320106,0.323169
47.0,0.320353,0.317149,0.316262,0.316765,0.317914,0.319508,0.321993
49.0,0.320626,0.317351,0.316275,0.316597,0.317614,0.319017,0.321079
51.0,0.320888,0.317560,0.316314,0.316467,0.317353,0.318605,0.320358
53.0,0.321137,0.317775,0.316378,0.316368,0.317126,0.318253,0.319773
55.0,0.321374,0.317992,0.316461,0.316293,0.316928,0.317948,0.319296
57.0,0.321602,0.318208,0.316556,0.316246,0.316758,0.317683,0.318892
59.0,0.321819,0.318422,0.316664,0.316222,0.316614,0.317450,0.318543
61.0,0.322025,0.318633,0.316782,0.316218,0.316496,0.317243,0.318239
63.0,0.322224,0.318842,0.316908,0.316233,0.316401,0.317058,0.317971
65.0,0.322413,0.319047,0.317042,0.316264,0.316326,0.316895,0.317734
67.0,0.322595,0.319247,0.317184,0.316308,0.316266,0.316751,0.317524
69.0,0.322769,0.319444,0.317333,0.316368,0.316225,0.316626,0.317333
