location,width,height,n_lights,azimuths_deg,depth_min,depth_max,depth_mean,depth_std,relief_p2_p98,relief_in_p2_p98,depth_std_in
1,640,360,3,0;55;180,-71.44364235723711,116.7163029826799,-8.602358730423767,38.55481052919723,142.69837582567476,0.32479330127644973,0.08775393636689824
2,640,360,3,0;55;180,-74.39231401119636,125.18375174368856,-6.383405386034086,35.45461775903799,140.7897244638499,0.3204490529750521,0.0806976413068655
3,640,360,3,0;55;180,-61.59190763325202,116.01255014099172,-5.167414486933433,29.545935822619143,119.45758136193001,0.27189533159395984,0.06724899270650274
4,640,360,3,0;55;180,-72.5897814549733,132.4069041579999,-5.269117796034675,38.53197432536896,139.7881608164241,0.31816941130706766,0.08770195927895248
5,640,360,3,0;55;180,-65.10062905444617,142.6259011560672,-6.072703431835528,37.34095525859838,144.14053622844065,0.328075777586879,0.08499110141290232
6,640,360,3,0;55;180,-65.75222770654764,81.66203436285006,-5.4386660649607785,30.252764872370612,109.45837304042003,0.2491363067480033,0.0688577940623593
7,640,360,3,0;55;180,-75.97693419918645,72.7628724561075,-3.745813506498808,28.497384916041742,118.21426749693033,0.26906544644355457,0.06486240415191588
8,640,360,3,0;55;180,-48.724680974272495,69.71255676440953,-3.193035706652975,25.66677649295787,97.30618862237499,0.22147693030437224,0.05841970535429634
9,640,360,3,0;55;180,-58.603933530410494,114.93978900541192,-3.451068927306463,29.357638206493124,117.37054732658561,0.26714506957945794,0.06682041176428677
10,640,360,3,0;55;180,-65.09904181361077,149.9886355616903,-3.398205983680848,34.273056195643974,148.41659967482644,0.3378084515236577,0.07800830950041998
11,640,360,3,0;55;180,-65.29632224771424,163.8486117146603,-3.3000565273023326,38.12447077147511,166.19597254783451,0.37827577413077496,0.08677444749905139
12,640,360,3,0;55;180,-54.44123740838974,157.2410730659212,-4.071014340510445,34.85768413855859,142.9146154666652,0.3252854805774245,0.07933897103387476
13,640,360,3,0;55;180,-85.77545432510298,113.3658477640701,-5.014964800340624,34.0671160545525,132.9644144014978,0.30263800029868476,0.07753957271274868
14,640,360,3,0;55;180,-81.76795316506873,77.65271860237641,-6.280027370236546,32.26214896872385,131.12254802033684,0.29844576013487106,0.07343131839584047
15,640,360,3,0;55;180,-54.82861297880108,70.1554776056291,-5.754562107581605,27.0933559118111,100.81754621843507,0.22946907050209756,0.061666718057148795
16,640,360,3,0;55;180,-54.460771628476884,73.1494849107877,-3.8042531619077287,25.96738400013225,93.88766125340067,0.21369607937843413,0.059103912894001805
17,640,360,3,0;55;180,-56.7434724020919,113.76025070372935,-2.002250617841429,29.979129477959464,126.93825960739767,0.2889219737619165,0.06823497728128078
