location,W,H,depth_px,depth_in,max_protrusion_px,roughness_px
1,640,360,141.42623103461491,0.2609982118010856,188.0223724488814,38.235149487854486
2,640,360,138.27029538227288,0.255174019529293,198.28383831903997,34.94084666461807
3,640,360,119.55992358072179,0.2206445440096982,175.64558195764698,29.511128135410715
4,640,360,136.45757958209174,0.25182870247679334,201.78176299397688,38.180086864808096
5,640,360,142.99274563472972,0.2638891713239353,202.24098356130995,37.13579432447416
6,640,360,109.13084921997046,0.20139797469236675,145.27540306591752,29.986216762080108
7,640,360,116.4685359716527,0.21493947337288272,146.84619007193712,28.21207690974659
8,640,360,95.82008483647222,0.17683332585471007,117.4232931417267,25.37044059369852
9,640,360,116.87307814298909,0.215686044801284,173.3564026961862,29.195663463600436
10,640,360,147.8577821299948,0.27286746210013807,213.8681740071327,34.1459774730414
11,640,360,165.5614852892623,0.3055391583832351,228.9202373652655,38.00315681333159
12,640,360,143.43013039898295,0.2646963528524538,212.96374891564966,34.97881309634222
13,640,360,131.7296644437748,0.2431034653859033,198.03868863580874,33.91996719738862
14,640,360,129.80489658737065,0.23955135935169292,158.01401665789618,32.01421030891847
15,640,360,99.7238909517161,0.18403769245518475,123.10738798232134,27.127692258603822
16,640,360,92.7605261181915,0.17118699455867037,127.0294072852764,25.683115573903454
17,640,360,125.88756049732464,0.23232202355559423,170.16371052635077,29.790562257571107
