location,width,height,n_lights,azimuths_deg,depth_min,depth_max,depth_mean,depth_std,relief_p2_p98
1,640,360,3,0;90;180,-42.807458520177164,30.38262288345302,-1.7171449447535754e-16,19.349500692961456,64.48463917831536
2,640,360,3,0;90;180,-42.34485921598966,24.488499740583443,1.0559454545323711e-16,17.674066092678952,61.27786891905254
3,640,360,3,0;90;180,-44.69595626779325,23.58860699005741,8.585724723767877e-17,15.58635057184014,59.18601328825106
4,640,360,3,0;90;180,-35.4608597481478,29.91023681274014,2.565848768022584e-17,17.554924437459885,57.88457877083153
5,640,360,3,0;90;180,-37.73514705458908,27.513284557761633,5.013273746751818e-16,17.73254831582852,56.93774502921187
6,640,360,3,0;90;180,-37.79224890586219,23.54860394310632,-2.506636873375909e-16,17.484140594533173,52.72640685047849
7,640,360,3,0;90;180,-33.8619577788105,23.30089210171054,4.3422056074228343e-16,15.999237988264168,51.928664227724184
8,640,360,3,0;90;180,-36.34052850219647,23.78496742222918,2.861908241255959e-17,13.575452557571166,50.479683577662314
9,640,360,3,0;90;180,-36.72892174326443,19.64388721725759,-9.769962616701378e-17,11.685748975188305,45.614783416813665
10,640,360,3,0;90;180,-33.9231113697235,21.95123591271313,2.802696346609284e-16,12.987093997153822,48.48550461886785
11,640,360,3,0;90;180,-34.46114635967,25.057198640139283,-1.0756827527479295e-16,15.325033489545152,53.43534826162577
12,640,360,3,0;90;180,-37.63489461106024,27.010904031951082,-1.7171449447535754e-16,17.59354271940251,56.30971998288689
13,640,360,3,0;90;180,-36.42024021859439,25.86170066499517,-7.59885981298996e-17,18.227824946303862,55.950704557855566
14,640,360,3,0;90;180,-35.93621472124492,26.756960221245336,-7.105427357601002e-17,17.435610321587568,55.79332700326111
15,640,360,3,0;90;180,-30.282548779002266,25.601213020071082,-7.894919286223335e-18,14.913157891752444,49.81994094009845
16,640,360,3,0;90;180,-31.89669191407486,20.981350687472784,1.164500594717942e-16,11.362412230694748,42.610829127751536
17,640,360,3,0;90;180,-34.08562655594984,21.248915954277674,6.118562446823085e-16,11.37096509794165,46.01393632719534
