location,recovered_scale_mm_per_px,median_dev_mm,p90_dev_mm,frac_within_3mm,reliability
loc01,0.0747,1.93,6.49,0.69,OK
loc02,0.0759,1.87,6.27,0.71,OK
loc03,0.0784,1.89,5.91,0.71,OK
loc04,0.0807,1.91,6.15,0.72,OK
loc05,0.0750,1.93,6.45,0.69,OK
loc06,0.0755,1.95,6.26,0.71,OK
loc07,0.0000,0.88,0.88,1.00,SUSPECT
loc08,0.0520,1.90,6.00,0.69,OK
loc09,0.0000,0.92,0.92,1.00,SUSPECT
loc10,0.0000,1.08,1.08,1.00,SUSPECT
loc11,0.0000,0.65,0.65,1.00,SUSPECT
loc12,0.0753,1.92,6.33,0.70,OK
loc13,0.0826,1.99,5.96,0.71,OK
loc14,0.0000,0.84,0.84,1.00,SUSPECT
loc15,0.0690,1.99,5.20,0.71,OK
loc16,0.0511,1.43,2.88,0.91,OK
loc17,0.0459,1.56,4.48,0.80,OK
