shot,id,u_px,v_px,z_rel_mm,method,distance_from_lens_mm,note
shot_010,1,252.5,222.5,0.27,photometric (UNRELIABLE: inverted vs CT@011),46.7,far-field depth; scale/sign untrusted
shot_010,2,354.2,338.5,-0.84,photometric (UNRELIABLE: inverted vs CT@011),46.1,far-field depth; scale/sign untrusted
shot_011,1,315.5,183.8,0.09,CT (validated),50.9,
shot_011,2,24.0,276.0,3.01,photometric (UNRELIABLE: inverted vs CT@011),56.5,far-field depth; scale/sign untrusted
shot_011,3,445.8,299.2,-2.3,CT (validated),53.2,
shot_011,4,292.0,467.7,2.67,CT (validated),33.5,
shot_012,1,251.8,174.0,-0.06,photometric (UNRELIABLE: inverted vs CT@011),46.7,far-field depth; scale/sign untrusted
shot_012,2,377.0,280.8,-3.39,photometric (UNRELIABLE: inverted vs CT@011),43.0,far-field depth; scale/sign untrusted
shot_012,3,234.2,448.5,2.29,photometric (UNRELIABLE: inverted vs CT@011),52.7,far-field depth; scale/sign untrusted
shot_013,1,219.5,200.2,0.99,photometric (UNRELIABLE: inverted vs CT@011),48.0,far-field depth; scale/sign untrusted
shot_013,2,378.5,227.8,-2.6,photometric (UNRELIABLE: inverted vs CT@011),43.7,far-field depth; scale/sign untrusted
shot_013,3,334.5,424.0,1.67,photometric (UNRELIABLE: inverted vs CT@011),50.6,far-field depth; scale/sign untrusted
shot_014,1,578.0,82.0,-0.86,photometric (UNRELIABLE: inverted vs CT@011),52.3,far-field depth; scale/sign untrusted
shot_014,2,222.8,156.2,0.2,photometric (UNRELIABLE: inverted vs CT@011),47.6,far-field depth; scale/sign untrusted
shot_014,3,418.2,176.2,-5.09,photometric (UNRELIABLE: inverted vs CT@011),41.9,far-field depth; scale/sign untrusted
shot_014,4,359.3,289.0,-0.74,photometric (UNRELIABLE: inverted vs CT@011),45.6,far-field depth; scale/sign untrusted
shot_015,1,488.8,164.5,-1.17,photometric (UNRELIABLE: inverted vs CT@011),47.6,far-field depth; scale/sign untrusted
shot_015,2,286.8,242.2,0.32,photometric (UNRELIABLE: inverted vs CT@011),46.4,far-field depth; scale/sign untrusted
shot_015,3,34.0,309.8,2.52,photometric (UNRELIABLE: inverted vs CT@011),55.8,far-field depth; scale/sign untrusted
shot_015,4,260.0,397.0,1.59,photometric (UNRELIABLE: inverted vs CT@011),50.0,far-field depth; scale/sign untrusted
