location,relief_mm,relief_in,worst_led_shadow_frac,reliable
1,32.982,1.2985,0.296,True
2,36.356,1.4313,0.353,True
3,50.049,1.9704,0.325,True
4,62.25,2.4508,0.248,True
5,51.888,2.0428,0.193,True
6,40.262,1.5851,0.262,True
7,51.641,2.0331,0.223,True
8,44.378,1.7472,0.217,True
9,60.802,2.3938,0.292,True
10,55.796,2.1967,0.223,True
11,35.585,1.401,0.135,True
12,39.624,1.56,0.157,True
13,30.249,1.1909,0.182,True
14,58.176,2.2904,0.246,True
15,44.682,1.7591,0.195,True
16,138.901,5.4685,0.664,False
17,51.28,2.0189,0.185,True
