shot,id,x_px,y_px,x_mm,y_mm,z_mm,r_px,n_frames
shot_004,1,370.5,165.2,21.42,9.55,0.934,23.5,4
shot_004,2,483.5,306.0,27.95,17.69,3.775,21.0,4
shot_004,3,385.0,371.0,22.26,21.45,-1.829,24.5,4
shot_004,4,312.2,410.0,18.05,23.7,-5.325,22.2,4
shot_005,1,339.5,166.8,19.63,9.64,-0.088,23.5,4
shot_005,2,440.2,295.2,25.45,17.07,-0.169,22.5,4
shot_005,3,406.8,361.2,23.52,20.88,-1.817,22.8,4
shot_005,4,311.5,373.8,18.01,21.61,-2.707,20.5,4
shot_006,1,276.5,239.0,15.99,13.82,0.122,22.0,4
shot_006,2,406.0,297.0,23.47,17.17,-2.105,16.8,4
shot_006,3,426.0,384.2,24.63,22.21,-2.178,20.5,4
shot_006,4,303.5,384.8,17.55,22.25,-3.578,24.0,4
